{
    "fng_data": {
        "value": 14,
        "classification": "Extreme Fear"
    },
    "btc_dominance": 56.57185162666617,
    "last_fetch_time": 1774479957.7693548
}