{
    "fng_data": {
        "value": 13,
        "classification": "Extreme Fear"
    },
    "btc_dominance": 56.012388240195776,
    "last_fetch_time": 1774654209.3107457
}