{
    "fng_data": {
        "value": 12,
        "classification": "Extreme Fear"
    },
    "btc_dominance": 56.01357374797475,
    "last_fetch_time": 1774711543.18755
}