{
    "fng_data": {
        "value": 11,
        "classification": "Extreme Fear"
    },
    "btc_dominance": 56.354254127439894,
    "last_fetch_time": 1774381604.450483
}