{
    "fng_data": {
        "value": 14,
        "classification": "Extreme Fear"
    },
    "btc_dominance": 56.569480760085625,
    "last_fetch_time": 1774480666.6349943
}