{
    "fng_data": {
        "value": 14,
        "classification": "Extreme Fear"
    },
    "btc_dominance": 56.50385551594799,
    "last_fetch_time": 1774472150.5146387
}