{
    "fng_data": {
        "value": 13,
        "classification": "Extreme Fear"
    },
    "btc_dominance": 55.98305967682402,
    "last_fetch_time": 1774653702.228787
}